{"cameraMode":{"drawMode":0,"name":"Shaded","section":"Shading Mode"},"sceneLighting":false,"audioPlay":false,"sceneViewState":{"showFog":true,"showMaterialUpdate":false,"showSkybox":true,"showFlares":true,"showImageEffects":true,"showParticleSystems":true},"in2DMode":false,"pivot":{"x":6.985000133514404,"y":2.4800000190734865,"z":0.0},"rotation":{"x":0.038678523153066638,"y":-0.9601259231567383,"z":0.21854549646377564,"w":0.17000025510787965},"size":26.63728141784668,"orthographic":false}