{"cameraMode":{"drawMode":0,"name":"Shaded","section":"Shading Mode"},"sceneLighting":true,"audioPlay":false,"sceneViewState":{"showFog":true,"showMaterialUpdate":false,"showSkybox":true,"showFlares":true,"showImageEffects":true,"showParticleSystems":true},"in2DMode":false,"pivot":{"x":108.33999633789063,"y":33.5099983215332,"z":-3.299999952316284},"rotation":{"x":-0.13051997125148774,"y":0.7258957028388977,"z":-0.14361971616744996,"w":-0.6598586440086365},"size":17.79400634765625,"orthographic":false}