{"cameraMode":{"drawMode":0,"name":"Shaded","section":"Shading Mode"},"sceneLighting":false,"audioPlay":false,"sceneViewState":{"showFog":true,"showMaterialUpdate":false,"showSkybox":true,"showFlares":true,"showImageEffects":true,"showParticleSystems":true},"in2DMode":false,"pivot":{"x":-508.4800109863281,"y":-6.670000076293945,"z":-399.08221435546877},"rotation":{"x":-0.012034351006150246,"y":0.981567919254303,"z":-0.17892780900001527,"w":-0.06606371700763703},"size":5.3535614013671879,"orthographic":false}