{"cameraMode":{"drawMode":0,"name":"Shaded","section":"Shading Mode"},"sceneLighting":false,"audioPlay":false,"sceneViewState":{"showFog":true,"showMaterialUpdate":false,"showSkybox":true,"showFlares":true,"showImageEffects":true,"showParticleSystems":true},"in2DMode":false,"pivot":{"x":23.098182678222658,"y":-0.06892648339271546,"z":-35.61349868774414},"rotation":{"x":0.012895828112959862,"y":0.9186999201774597,"z":0.030036738142371179,"w":-0.3936012387275696},"size":3.133819818496704,"orthographic":false}