{"cameraMode":{"drawMode":0,"name":"Shaded","section":"Shading Mode"},"sceneLighting":false,"audioPlay":false,"sceneViewState":{"showFog":true,"showMaterialUpdate":false,"showSkybox":true,"showFlares":true,"showImageEffects":true,"showParticleSystems":true},"in2DMode":false,"pivot":{"x":463.4110412597656,"y":325.1060485839844,"z":-30.57684326171875},"rotation":{"x":0.014677489176392556,"y":-0.04445919394493103,"z":-0.0006781868869438767,"w":-0.9989031553268433},"size":781.4178466796875,"orthographic":false}