{"cameraMode":{"drawMode":0,"name":"Shaded","section":"Shading Mode"},"sceneLighting":false,"audioPlay":false,"sceneViewState":{"showFog":true,"showMaterialUpdate":false,"showSkybox":true,"showFlares":true,"showImageEffects":true,"showParticleSystems":true},"in2DMode":false,"pivot":{"x":6.985000133514404,"y":2.4800000190734865,"z":0.0},"rotation":{"x":0.32817888259887698,"y":0.02639162167906761,"z":-0.009162846021354199,"w":0.9442024230957031},"size":26.63728141784668,"orthographic":false}