{"cameraMode":{"drawMode":0,"name":"Shaded","section":"Shading Mode"},"sceneLighting":true,"audioPlay":false,"sceneViewState":{"showFog":true,"showMaterialUpdate":true,"showSkybox":true,"showFlares":true,"showImageEffects":true,"showParticleSystems":true},"in2DMode":false,"pivot":{"x":-1.6056709289550782,"y":23.623552322387697,"z":-156.628173828125},"rotation":{"x":-0.00006716264033457264,"y":0.9997923970222473,"z":-0.00451060151681304,"w":-0.01987406052649021},"size":127.98413848876953,"orthographic":false}