{"cameraMode":{"drawMode":0,"name":"Shaded","section":"Shading Mode"},"sceneLighting":true,"audioPlay":false,"sceneViewState":{"showFog":true,"showMaterialUpdate":true,"showSkybox":true,"showFlares":true,"showImageEffects":true,"showParticleSystems":true},"in2DMode":false,"pivot":{"x":197.10794067382813,"y":281.2066650390625,"z":123.72933197021485},"rotation":{"x":0.146356001496315,"y":-0.03716130182147026,"z":-0.005530104972422123,"w":-0.9885182976722717},"size":799.9320678710938,"orthographic":false}