{"cameraMode":{"drawMode":0,"name":"Shaded","section":"Shading Mode"},"sceneLighting":true,"audioPlay":false,"sceneViewState":{"showFog":true,"showMaterialUpdate":false,"showSkybox":true,"showFlares":true,"showImageEffects":true,"showParticleSystems":true},"in2DMode":false,"pivot":{"x":13.970000267028809,"y":4.659999847412109,"z":0.0},"rotation":{"x":-0.048072244971990588,"y":0.92945796251297,"z":-0.13080035150051118,"w":-0.34159669280052187},"size":10.631560325622559,"orthographic":false}