{"cameraMode":{"drawMode":0,"name":"Shaded","section":"Shading Mode"},"sceneLighting":true,"audioPlay":false,"sceneViewState":{"showFog":true,"showMaterialUpdate":true,"showSkybox":true,"showFlares":true,"showImageEffects":true,"showParticleSystems":true},"in2DMode":false,"pivot":{"x":96.03516387939453,"y":35.328216552734378,"z":14.559526443481446},"rotation":{"x":-0.04525553435087204,"y":0.7596923112869263,"z":-0.0532117560505867,"w":-0.6465198993682861},"size":38.841392517089847,"orthographic":false}