{"cameraMode":{"drawMode":0,"name":"Shaded","section":"Shading Mode"},"sceneLighting":true,"audioPlay":false,"sceneViewState":{"showFog":true,"showMaterialUpdate":false,"showSkybox":true,"showFlares":true,"showImageEffects":true,"showParticleSystems":true},"in2DMode":false,"pivot":{"x":-34.29692077636719,"y":3.4019265174865724,"z":-266.53436279296877},"rotation":{"x":-0.134695366024971,"y":0.2014714628458023,"z":-0.02799282781779766,"w":-0.9697849750518799},"size":93.03448486328125,"orthographic":false}