{"cameraMode":{"drawMode":0,"name":"Shaded","section":"Shading Mode"},"sceneLighting":true,"audioPlay":false,"sceneViewState":{"showFog":true,"showMaterialUpdate":true,"showSkybox":true,"showFlares":true,"showImageEffects":true,"showParticleSystems":true},"in2DMode":false,"pivot":{"x":-30.070201873779298,"y":18.970304489135743,"z":-355.0357666015625},"rotation":{"x":-0.03412168100476265,"y":0.9632567763328552,"z":-0.14854614436626435,"w":-0.2211473286151886},"size":12.40695571899414,"orthographic":false}