{"cameraMode":{"drawMode":0,"name":"Shaded","section":"Shading Mode"},"sceneLighting":true,"audioPlay":false,"sceneViewState":{"showFog":true,"showMaterialUpdate":true,"showSkybox":true,"showFlares":true,"showImageEffects":true,"showParticleSystems":true},"in2DMode":false,"pivot":{"x":-37.11452865600586,"y":3.5648574829101564,"z":-220.4512939453125},"rotation":{"x":0.0020694935228675606,"y":-0.9846609830856323,"z":0.011831289157271386,"w":0.17406447231769563},"size":144.8269805908203,"orthographic":false}