{"cameraMode":{"drawMode":0,"name":"Shaded","section":"Shading Mode"},"sceneLighting":true,"audioPlay":false,"sceneViewState":{"showFog":true,"showMaterialUpdate":true,"showSkybox":true,"showFlares":true,"showImageEffects":true,"showParticleSystems":true},"in2DMode":false,"pivot":{"x":13.970000267028809,"y":4.659999847412109,"z":0.0},"rotation":{"x":-0.06264308094978333,"y":0.8841703534126282,"z":-0.1241503655910492,"w":-0.44598811864852908},"size":19.865741729736329,"orthographic":false}