{"cameraMode":{"drawMode":0,"name":"Shaded","section":"Shading Mode"},"sceneLighting":true,"audioPlay":false,"sceneViewState":{"showFog":true,"showMaterialUpdate":false,"showSkybox":true,"showFlares":true,"showImageEffects":true,"showParticleSystems":true},"in2DMode":false,"pivot":{"x":-115.8118896484375,"y":8.704452514648438,"z":-55.965599060058597},"rotation":{"x":-0.1040579155087471,"y":0.7796980142593384,"z":-0.13465815782546998,"w":-0.6025862097740173},"size":306.8351135253906,"orthographic":false}