{"cameraMode":{"drawMode":0,"name":"Shaded","section":"Shading Mode"},"sceneLighting":true,"audioPlay":false,"sceneViewState":{"showFog":true,"showMaterialUpdate":true,"showSkybox":true,"showFlares":true,"showImageEffects":true,"showParticleSystems":true},"in2DMode":false,"pivot":{"x":-8.857767105102539,"y":-41.895179748535159,"z":-65.97015380859375},"rotation":{"x":-0.17410559952259065,"y":-0.7353067994117737,"z":0.2058848738670349,"w":-0.6217898726463318},"size":158.65106201171876,"orthographic":false}