{"cameraMode":{"drawMode":0,"name":"Shaded","section":"Shading Mode"},"sceneLighting":true,"audioPlay":false,"sceneViewState":{"showFog":true,"showMaterialUpdate":true,"showSkybox":true,"showFlares":true,"showImageEffects":true,"showParticleSystems":true},"in2DMode":false,"pivot":{"x":5.575364112854004,"y":36.36753845214844,"z":21.426027297973634},"rotation":{"x":-0.000770143757108599,"y":0.9988569021224976,"z":0.017970813438296319,"w":0.04428656026721001},"size":207.1433563232422,"orthographic":false}