{"cameraMode":{"drawMode":0,"name":"Shaded","section":"Shading Mode"},"sceneLighting":true,"audioPlay":false,"sceneViewState":{"showFog":true,"showMaterialUpdate":false,"showSkybox":true,"showFlares":true,"showImageEffects":true,"showParticleSystems":true},"in2DMode":false,"pivot":{"x":-42.78160858154297,"y":9.974588394165039,"z":-18.667856216430665},"rotation":{"x":-0.0004532559250947088,"y":-0.9548750519752502,"z":-0.0014186131302267314,"w":0.297004371881485},"size":13.738286018371582,"orthographic":false}