{"cameraMode":{"drawMode":0,"name":"Shaded","section":"Shading Mode"},"sceneLighting":true,"audioPlay":false,"sceneViewState":{"showFog":true,"showMaterialUpdate":true,"showSkybox":true,"showFlares":true,"showImageEffects":true,"showParticleSystems":true},"in2DMode":false,"pivot":{"x":-75.5199966430664,"y":2.880000114440918,"z":-23.860000610351564},"rotation":{"x":0.10355375707149506,"y":-0.8761008381843567,"z":0.21720366179943086,"w":0.4177878499031067},"size":107.63726043701172,"orthographic":false}