{"cameraMode":{"drawMode":0,"name":"Shaded","section":"Shading Mode"},"sceneLighting":true,"audioPlay":false,"sceneViewState":{"showFog":true,"showMaterialUpdate":false,"showSkybox":true,"showFlares":true,"showImageEffects":true,"showParticleSystems":true},"in2DMode":false,"pivot":{"x":2.042069673538208,"y":3.026585102081299,"z":-0.11514848470687866},"rotation":{"x":-0.009283429011702538,"y":0.9904873967170715,"z":-0.0855003371834755,"w":-0.10741665959358216},"size":28.157800674438478,"orthographic":false}