{"cameraMode":{"drawMode":0,"name":"Shaded","section":"Shading Mode"},"sceneLighting":true,"audioPlay":false,"sceneViewState":{"showFog":true,"showMaterialUpdate":false,"showSkybox":true,"showFlares":true,"showImageEffects":true,"showParticleSystems":true},"in2DMode":false,"pivot":{"x":13.528319358825684,"y":12.706626892089844,"z":-23.37140464782715},"rotation":{"x":-0.11958033591508866,"y":0.6829279065132141,"z":-0.11476372927427292,"w":-0.7114347219467163},"size":28.248851776123048,"orthographic":false}