{"cameraMode":{"drawMode":0,"name":"Shaded","section":"Shading Mode"},"sceneLighting":true,"audioPlay":false,"sceneViewState":{"showFog":true,"showMaterialUpdate":false,"showSkybox":true,"showFlares":true,"showImageEffects":true,"showParticleSystems":true},"in2DMode":false,"pivot":{"x":-112.10478973388672,"y":-15.944374084472657,"z":-90.43251037597656},"rotation":{"x":0.031489454209804538,"y":0.9663310647010803,"z":-0.14456501603126527,"w":0.21050795912742616},"size":137.14195251464845,"orthographic":false}