{"cameraMode":{"drawMode":0,"name":"Shaded","section":"Shading Mode"},"sceneLighting":true,"audioPlay":false,"sceneViewState":{"showFog":true,"showMaterialUpdate":false,"showSkybox":true,"showFlares":true,"showImageEffects":true,"showParticleSystems":true},"in2DMode":false,"pivot":{"x":2.7899999618530275,"y":3.759999990463257,"z":0.12999999523162843},"rotation":{"x":0.02937144599854946,"y":-0.8064839839935303,"z":0.04020334780216217,"w":0.5891557931900024},"size":6.447328090667725,"orthographic":false}