{"cameraMode":{"drawMode":0,"name":"Shaded","section":"Shading Mode"},"sceneLighting":true,"audioPlay":false,"sceneViewState":{"showFog":true,"showMaterialUpdate":false,"showSkybox":true,"showFlares":true,"showImageEffects":true,"showParticleSystems":true},"in2DMode":false,"pivot":{"x":-31.33111572265625,"y":6.180388450622559,"z":-56.37248611450195},"rotation":{"x":-0.07841523736715317,"y":0.4599321484565735,"z":-0.040798917412757876,"w":-0.8835433721542358},"size":17.438365936279298,"orthographic":false}